doc_id1,doc_id2
27,897,1.0
508,595,0.9398496240601504
325,440,0.8778625954198473
84,458,0.9371069182389937
22,954,0.8324022346368715
291,704,0.8484848484848485
306,893,0.8235294117647058
285,949,0.9259259259259259
198,933,0.906832298136646
46,623,0.8285714285714286
33,496,0.8045977011494253
317,460,0.8
735,862,0.8461538461538461
478,600,0.8275862068965517
371,841,0.8333333333333334
255,362,0.8869047619047619
252,420,0.8580246913580247
